source_id,source_title,source_date,target_id,target_title,target_date
risk_in_today_s_markets_revisited,'Risk in Today's Markets' Revisited,1994-04-11,risk_in_today_s_markets,Risk in Today's Markets,1994-02-17
genius_isn_t_enough_and_other_lessons_from_long_term_capital_management,Genius Isn't Enough (and Other Lessons from Long-Term Capital Management),1998-10-09,risk_in_today_s_markets,Risk in Today's Markets,1994-02-17
investment_miscellany,Investment Miscellany,2000-11-16,bubble_com,bubble.com,2000-01-02
what_s_it_all_about_alpha,"What's It All About, Alpha?",2001-07-11,irrational_exuberance,Irrational Exuberance,2000-05-01
what_lies_ahead,What Lies Ahead?,2001-10-04,notes_from_new_york,Notes from New York,2001-09-16
you_can_t_predict_you_can_prepare,You Can't Predict. You Can Prepare.,2001-11-20,what_lies_ahead,What Lies Ahead?,2001-10-04
quo_vadis,Quo Vadis?,2002-07-26,learning_from_enron,Learning From Enron,2002-03-14
returns_and_how_they_get_that_way,Returns and How They Get That Way,2002-11-11,safety_first_but_where,Safety First . . . But Where?,2001-04-10
returns_and_how_they_get_that_way,Returns and How They Get That Way,2002-11-11,the_realist_s_creed,The Realist's Creed,2002-05-31
what_s_going_on,What's Going On?,2003-05-16,you_can_t_predict_you_can_prepare,You Can't Predict. You Can Prepare.,2001-11-20
us_and_them,Us and Them,2004-05-07,returns_and_how_they_get_that_way,Returns and How They Get That Way,2002-11-11
the_happy_medium,The Happy Medium,2004-07-21,first_quarter_performance,First Quarter Performance,1991-04-11
there_they_go_again,There They Go Again,2005-05-06,us_and_them,Us and Them,2004-05-07
a_case_in_point,A Case in Point,2005-06-06,there_they_go_again,There They Go Again,2005-05-06
it_is_what_it_is,It Is What It Is,2006-03-27,risk_and_return_today,Risk and Return Today,2004-10-27
the_new_paradigm,The New Paradigm,2006-10-19,you_can_t_eat_irr,You Can’t Eat IRR,2006-07-12
the_race_to_the_bottom,The Race to the Bottom,2007-02-14,the_new_paradigm,The New Paradigm,2006-10-19
everyone_knows,Everyone Knows,2007-04-26,dare_to_be_great,Dare to Be Great,2006-09-07
it_s_all_good,It’s All Good,2007-07-16,first_quarter_performance,First Quarter Performance,1991-04-11
it_s_all_good,It’s All Good,2007-07-16,will_it_be_different_this_time,Will It Be Different This Time?,1996-11-25
it_s_all_good,It’s All Good,2007-07-16,the_happy_medium,The Happy Medium,2004-07-21
it_s_all_good_really,It’s All Good . . . Really?,2007-07-30,the_race_to_the_bottom,The Race to the Bottom,2007-02-14
it_s_all_good_really,It’s All Good . . . Really?,2007-07-30,it_s_all_good,It’s All Good,2007-07-16
now_it_s_all_bad,Now It’s All Bad?,2007-09-10,first_quarter_performance,First Quarter Performance,1991-04-11
now_it_s_all_bad,Now It’s All Bad?,2007-09-10,investment_miscellany,Investment Miscellany,2000-11-16
now_it_s_all_bad,Now It’s All Bad?,2007-09-10,it_s_all_good,It’s All Good,2007-07-16
now_it_s_all_bad,Now It’s All Bad?,2007-09-10,it_s_all_good_really,It’s All Good . . . Really?,2007-07-30
no_different_this_time_the_lessons_of_07,No Different This Time – The Lessons of ‘07,2007-12-17,risk_and_return_today,Risk and Return Today,2004-10-27
no_different_this_time_the_lessons_of_07,No Different This Time – The Lessons of ‘07,2007-12-17,it_s_all_good,It’s All Good,2007-07-16
the_tide_goes_out,The Tide Goes Out,2008-03-18,it_s_all_good,It’s All Good,2007-07-16
the_tide_goes_out,The Tide Goes Out,2008-03-18,now_what,Now What?,2008-01-10
the_aviary,The Aviary,2008-05-16,returns_and_how_they_get_that_way,Returns and How They Get That Way,2002-11-11
the_aviary,The Aviary,2008-05-16,the_race_to_the_bottom,The Race to the Bottom,2007-02-14
the_aviary,The Aviary,2008-05-16,it_s_all_good,It’s All Good,2007-07-16
the_aviary,The Aviary,2008-05-16,it_s_all_good_really,It’s All Good . . . Really?,2007-07-30
doesn_t_make_sense,Doesn’t Make Sense,2008-07-31,now_it_s_all_bad,Now It’s All Bad?,2007-09-10
doesn_t_make_sense,Doesn’t Make Sense,2008-07-31,the_aviary,The Aviary,2008-05-16
nobody_knows,Nobody Knows,2008-09-19,the_tide_goes_out,The Tide Goes Out,2008-03-18
nobody_knows,Nobody Knows,2008-09-19,doesn_t_make_sense,Doesn’t Make Sense,2008-07-31
plan_b,Plan B,2008-09-24,now_what,Now What?,2008-01-10
plan_b,Plan B,2008-09-24,the_aviary,The Aviary,2008-05-16
plan_b,Plan B,2008-09-24,nobody_knows,Nobody Knows,2008-09-19
the_limits_to_negativism,The Limits to Negativism,2008-10-15,now_what,Now What?,2008-01-10
the_limits_to_negativism,The Limits to Negativism,2008-10-15,the_aviary,The Aviary,2008-05-16
volatility_leverage_dynamite,Volatility + Leverage = Dynamite,2008-12-17,plan_b,Plan B,2008-09-24
volatility_leverage_dynamite,Volatility + Leverage = Dynamite,2008-12-17,the_limits_to_negativism,The Limits to Negativism,2008-10-15
the_long_view,The Long View,2009-01-09,risk_and_return_today,Risk and Return Today,2004-10-27
the_long_view,The Long View,2009-01-09,there_they_go_again,There They Go Again,2005-05-06
the_long_view,The Long View,2009-01-09,the_race_to_the_bottom,The Race to the Bottom,2007-02-14
the_long_view,The Long View,2009-01-09,it_s_all_good,It’s All Good,2007-07-16
so_much_that_s_false_and_nutty,So Much That’s False and Nutty,2009-07-08,safety_first_but_where,Safety First . . . But Where?,2001-04-10
so_much_that_s_false_and_nutty,So Much That’s False and Nutty,2009-07-08,what_s_your_game_plan,What’s Your Game Plan?,2003-09-05
so_much_that_s_false_and_nutty,So Much That’s False and Nutty,2009-07-08,the_long_view,The Long View,2009-01-09
touchstones,Touchstones,2009-11-10,us_and_them,Us and Them,2004-05-07
touchstones,Touchstones,2009-11-10,the_race_to_the_bottom,The Race to the Bottom,2007-02-14
touchstones,Touchstones,2009-11-10,it_s_all_good,It’s All Good,2007-07-16
touchstones,Touchstones,2009-11-10,the_tide_goes_out,The Tide Goes Out,2008-03-18
tell_me_i_m_wrong,Tell Me I’m Wrong,2010-01-22,what_worries_me,What Worries Me,2008-08-28
tell_me_i_m_wrong,Tell Me I’m Wrong,2010-01-22,the_limits_to_negativism,The Limits to Negativism,2008-10-15
i_d_rather_be_wrong,I’d Rather Be Wrong,2010-03-17,what_worries_me,What Worries Me,2008-08-28
i_d_rather_be_wrong,I’d Rather Be Wrong,2010-03-17,tell_me_i_m_wrong,Tell Me I’m Wrong,2010-01-22
warning_flags,Warning Flags,2010-05-12,it_s_all_good,It’s All Good,2007-07-16
warning_flags,Warning Flags,2010-05-12,the_limits_to_negativism,The Limits to Negativism,2008-10-15
it_s_greek_to_me,It’s Greek to Me,2010-07-19,what_worries_me,What Worries Me,2008-08-28
it_s_greek_to_me,It’s Greek to Me,2010-07-19,the_long_view,The Long View,2009-01-09
it_s_greek_to_me,It’s Greek to Me,2010-07-19,will_it_work,Will It Work?,2009-03-05
hemlines,Hemlines,2010-09-10,the_most_important_thing,The Most Important Thing,2003-07-01
open_and_shut,Open and Shut,2010-12-01,first_quarter_performance,First Quarter Performance,1991-04-11
open_and_shut,Open and Shut,2010-12-01,the_happy_medium,The Happy Medium,2004-07-21
open_and_shut,Open and Shut,2010-12-01,warning_flags,Warning Flags,2010-05-12
all_that_glitters,All That Glitters,2010-12-17,there_they_go_again,There They Go Again,2005-05-06
all_that_glitters,All That Glitters,2010-12-17,what_worries_me,What Worries Me,2008-08-28
all_that_glitters,All That Glitters,2010-12-17,i_d_rather_be_wrong,I’d Rather Be Wrong,2010-03-17
on_regulation,On Regulation,2011-03-02,the_most_important_thing,The Most Important Thing,2003-07-01
how_quickly_they_forget,How Quickly They Forget,2011-05-25,risk_and_return_today,Risk and Return Today,2004-10-27
how_quickly_they_forget,How Quickly They Forget,2011-05-25,there_they_go_again,There They Go Again,2005-05-06
how_quickly_they_forget,How Quickly They Forget,2011-05-25,it_is_what_it_is,It Is What It Is,2006-03-27
what_s_behind_the_downturn,What’s Behind the Downturn?,2011-09-07,it_s_greek_to_me,It’s Greek to Me,2010-07-19
what_s_behind_the_downturn,What’s Behind the Downturn?,2011-09-07,how_quickly_they_forget,How Quickly They Forget,2011-05-25
what_s_behind_the_downturn,What’s Behind the Downturn?,2011-09-07,down_to_the_wire,Down to the Wire,2011-07-21
it_s_all_very_taxing,It’s All Very Taxing,2011-11-16,all_that_glitters,All That Glitters,2010-12-17
what_can_we_do_for_you,What Can We Do For You?,2012-01-10,us_and_them,Us and Them,2004-05-07
what_can_we_do_for_you,What Can We Do For You?,2012-01-10,the_race_to_the_bottom,The Race to the Bottom,2007-02-14
d_j_vu_all_over_again,Déjà Vu All Over Again,2012-03-19,the_tide_goes_out,The Tide Goes Out,2008-03-18
on_uncertain_ground,On Uncertain Ground,2012-09-11,what_worries_me,What Worries Me,2008-08-28
on_uncertain_ground,On Uncertain Ground,2012-09-11,the_long_view,The Long View,2009-01-09
on_uncertain_ground,On Uncertain Ground,2012-09-11,what_can_we_do_for_you,What Can We Do For You?,2012-01-10
ditto,Ditto,2013-01-07,the_happy_medium,The Happy Medium,2004-07-21
ditto,Ditto,2013-01-07,risk_and_return_today,Risk and Return Today,2004-10-27
ditto,Ditto,2013-01-07,the_race_to_the_bottom,The Race to the Bottom,2007-02-14
the_outlook_for_equities,The Outlook for Equities,2013-03-13,d_j_vu_all_over_again,Déjà Vu All Over Again,2012-03-19
the_role_of_confidence,The Role of Confidence,2013-08-05,it_s_all_good,It’s All Good,2007-07-16
the_role_of_confidence,The Role of Confidence,2013-08-05,it_s_all_good_really,It’s All Good . . . Really?,2007-07-30
the_role_of_confidence,The Role of Confidence,2013-08-05,now_it_s_all_bad,Now It’s All Bad?,2007-09-10
the_role_of_confidence,The Role of Confidence,2013-08-05,the_tide_goes_out,The Tide Goes Out,2008-03-18
the_role_of_confidence,The Role of Confidence,2013-08-05,on_uncertain_ground,On Uncertain Ground,2012-09-11
the_race_is_on,The Race Is On,2013-11-26,the_race_to_the_bottom,The Race to the Bottom,2007-02-14
the_race_is_on,The Race Is On,2013-11-26,warning_flags,Warning Flags,2010-05-12
dare_to_be_great_ii,Dare to Be Great II,2014-04-08,dare_to_be_great,Dare to Be Great,2006-09-07
risk_revisited,Risk Revisited,2014-09-03,the_most_important_thing,The Most Important Thing,2003-07-01
risk_revisited,Risk Revisited,2014-09-03,dare_to_be_great,Dare to Be Great,2006-09-07
risk_revisited,Risk Revisited,2014-09-03,dare_to_be_great_ii,Dare to Be Great II,2014-04-08
the_lessons_of_oil,The Lessons of Oil,2014-12-18,the_most_important_thing,The Most Important Thing,2003-07-01
the_lessons_of_oil,The Lessons of Oil,2014-12-18,it_s_all_good,It’s All Good,2007-07-16
the_lessons_of_oil,The Lessons of Oil,2014-12-18,all_that_glitters,All That Glitters,2010-12-17
liquidity,Liquidity,2015-03-25,investment_miscellany,Investment Miscellany,2000-11-16
risk_revisited_again,Risk Revisited Again,2015-06-08,the_most_important_thing,The Most Important Thing,2003-07-01
risk_revisited_again,Risk Revisited Again,2015-06-08,dare_to_be_great,Dare to Be Great,2006-09-07
risk_revisited_again,Risk Revisited Again,2015-06-08,dare_to_be_great_ii,Dare to Be Great II,2014-04-08
risk_revisited_again,Risk Revisited Again,2015-06-08,risk_revisited,Risk Revisited,2014-09-03
it_s_not_easy,It’s Not Easy,2015-09-09,the_most_important_thing,The Most Important Thing,2003-07-01
it_s_not_easy,It’s Not Easy,2015-09-09,dare_to_be_great,Dare to Be Great,2006-09-07
it_s_not_easy,It’s Not Easy,2015-09-09,everyone_knows,Everyone Knows,2007-04-26
it_s_not_easy,It’s Not Easy,2015-09-09,risk_revisited,Risk Revisited,2014-09-03
inspiration_from_the_world_of_sports,Inspiration from the World of Sports,2015-10-22,how_the_game_should_be_played,How the Game Should Be Played,1995-05-26
inspiration_from_the_world_of_sports,Inspiration from the World of Sports,2015-10-22,what_s_your_game_plan,What’s Your Game Plan?,2003-09-05
inspiration_from_the_world_of_sports,Inspiration from the World of Sports,2015-10-22,it_s_not_easy,It’s Not Easy,2015-09-09
on_the_couch,On the Couch,2016-01-14,first_quarter_performance,First Quarter Performance,1991-04-11
on_the_couch,On the Couch,2016-01-14,on_uncertain_ground,On Uncertain Ground,2012-09-11
on_the_couch,On the Couch,2016-01-14,risk_revisited,Risk Revisited,2014-09-03
on_the_couch,On the Couch,2016-01-14,it_s_not_easy,It’s Not Easy,2015-09-09
what_does_the_market_know,What Does the Market Know?,2016-01-19,the_most_important_thing,The Most Important Thing,2003-07-01
what_does_the_market_know,What Does the Market Know?,2016-01-19,a_case_in_point,A Case in Point,2005-06-06
what_does_the_market_know,What Does the Market Know?,2016-01-19,dare_to_be_great,Dare to Be Great,2006-09-07
what_does_the_market_know,What Does the Market Know?,2016-01-19,dare_to_be_great_ii,Dare to Be Great II,2014-04-08
what_does_the_market_know,What Does the Market Know?,2016-01-19,it_s_not_easy,It’s Not Easy,2015-09-09
what_does_the_market_know,What Does the Market Know?,2016-01-19,on_the_couch,On the Couch,2016-01-14
economic_reality,Economic Reality,2016-05-26,bubble_com,bubble.com,2000-01-02
economic_reality,Economic Reality,2016-05-26,what_worries_me,What Worries Me,2008-08-28
economic_reality,Economic Reality,2016-05-26,the_limits_to_negativism,The Limits to Negativism,2008-10-15
economic_reality,Economic Reality,2016-05-26,it_s_all_very_taxing,It’s All Very Taxing,2011-11-16
political_reality,Political Reality,2016-08-17,what_worries_me,What Worries Me,2008-08-28
implications_of_the_election,Implications of the Election,2016-11-07,a_fresh_start_hopefully,A Fresh Start (Hopefully),2012-11-09
implications_of_the_election,Implications of the Election,2016-11-07,political_reality,Political Reality,2016-08-17
expert_opinion,Expert Opinion,2017-01-10,it_s_all_good,It’s All Good,2007-07-16
expert_opinion,Expert Opinion,2017-01-10,political_reality,Political Reality,2016-08-17
expert_opinion,Expert Opinion,2017-01-10,implications_of_the_election,Implications of the Election,2016-11-07
there_they_go_again_again,There They Go Again . . . Again,2017-07-26,bubble_com,bubble.com,2000-01-02
there_they_go_again_again,There They Go Again . . . Again,2017-07-26,the_most_important_thing,The Most Important Thing,2003-07-01
there_they_go_again_again,There They Go Again . . . Again,2017-07-26,there_they_go_again,There They Go Again,2005-05-06
there_they_go_again_again,There They Go Again . . . Again,2017-07-26,the_race_to_the_bottom,The Race to the Bottom,2007-02-14
there_they_go_again_again,There They Go Again . . . Again,2017-07-26,everyone_knows,Everyone Knows,2007-04-26
there_they_go_again_again,There They Go Again . . . Again,2017-07-26,it_s_all_good,It’s All Good,2007-07-16
there_they_go_again_again,There They Go Again . . . Again,2017-07-26,how_quickly_they_forget,How Quickly They Forget,2011-05-25
there_they_go_again_again,There They Go Again . . . Again,2017-07-26,on_uncertain_ground,On Uncertain Ground,2012-09-11
there_they_go_again_again,There They Go Again . . . Again,2017-07-26,the_race_is_on,The Race Is On,2013-11-26
there_they_go_again_again,There They Go Again . . . Again,2017-07-26,expert_opinion,Expert Opinion,2017-01-10
yet_again,Yet Again?,2017-09-07,there_they_go_again,There They Go Again,2005-05-06
yet_again,Yet Again?,2017-09-07,on_the_couch,On the Couch,2016-01-14
yet_again,Yet Again?,2017-09-07,there_they_go_again_again,There They Go Again . . . Again,2017-07-26
latest_thinking,Latest Thinking,2018-01-23,there_they_go_again,There They Go Again,2005-05-06
latest_thinking,Latest Thinking,2018-01-23,there_they_go_again_again,There They Go Again . . . Again,2017-07-26
latest_thinking,Latest Thinking,2018-01-23,yet_again,Yet Again?,2017-09-07
investing_without_people,Investing Without People,2018-06-18,there_they_go_again,There They Go Again,2005-05-06
investing_without_people,Investing Without People,2018-06-18,there_they_go_again_again,There They Go Again . . . Again,2017-07-26
the_seven_worst_words_in_the_world,The Seven Worst Words in the World,2018-09-26,the_race_to_the_bottom,The Race to the Bottom,2007-02-14
political_reality_meets_economic_reality,Political Reality Meets Economic Reality,2019-01-30,political_reality,Political Reality,2016-08-17
growing_the_pie,Growing the Pie,2019-04-01,a_case_in_point,A Case in Point,2005-06-06
growing_the_pie,Growing the Pie,2019-04-01,political_reality,Political Reality,2016-08-17
growing_the_pie,Growing the Pie,2019-04-01,political_reality_meets_economic_reality,Political Reality Meets Economic Reality,2019-01-30
nobody_knows_ii,Nobody Knows II,2020-03-03,on_the_couch,On the Couch,2016-01-14
calibrating,Calibrating,2020-04-06,nobody_knows,Nobody Knows,2008-09-19
calibrating,Calibrating,2020-04-06,nobody_knows_ii,Nobody Knows II,2020-03-03
calibrating,Calibrating,2020-04-06,which_way_now,Which Way Now?,2020-03-31
knowledge_of_the_future,Knowledge of the Future,2020-04-14,which_way_now,Which Way Now?,2020-03-31
the_anatomy_of_a_rally,The Anatomy of a Rally,2020-06-18,on_the_couch,On the Couch,2016-01-14
coming_into_focus,Coming into Focus,2020-10-13,time_for_thinking,Time for Thinking,2020-08-05
2020_in_review,2020 in Review,2021-03-04,something_of_value,Something of Value,2021-01-11
thinking_about_macro,Thinking About Macro,2021-07-29,on_the_couch,On the Couch,2016-01-14
thinking_about_macro,Thinking About Macro,2021-07-29,what_does_the_market_know,What Does the Market Know?,2016-01-19
the_winds_of_change,The Winds of Change,2021-11-23,something_of_value,Something of Value,2021-01-11
the_winds_of_change,The Winds of Change,2021-11-23,thinking_about_macro,Thinking About Macro,2021-07-29
selling_out,Selling Out,2022-01-13,something_of_value,Something of Value,2021-01-11
the_pendulum_in_international_affairs,The Pendulum in International Affairs,2022-03-23,the_route_to_performance,The Route to Performance,1990-10-12
the_pendulum_in_international_affairs,The Pendulum in International Affairs,2022-03-23,first_quarter_performance,First Quarter Performance,1991-04-11
the_pendulum_in_international_affairs,The Pendulum in International Affairs,2022-03-23,on_regulation,On Regulation,2011-03-02
the_pendulum_in_international_affairs,The Pendulum in International Affairs,2022-03-23,the_role_of_confidence,The Role of Confidence,2013-08-05
the_pendulum_in_international_affairs,The Pendulum in International Affairs,2022-03-23,economic_reality,Economic Reality,2016-05-26
bull_market_rhymes,Bull Market Rhymes,2022-05-26,the_happy_medium,The Happy Medium,2004-07-21
bull_market_rhymes,Bull Market Rhymes,2022-05-26,the_race_to_the_bottom,The Race to the Bottom,2007-02-14
bull_market_rhymes,Bull Market Rhymes,2022-05-26,on_the_couch,On the Couch,2016-01-14
conversation_at_panmure_house,Conversation at Panmure House,2022-06-23,irrational_exuberance,Irrational Exuberance,2000-05-01
conversation_at_panmure_house,Conversation at Panmure House,2022-06-23,what_s_it_all_about_alpha,"What's It All About, Alpha?",2001-07-11
conversation_at_panmure_house,Conversation at Panmure House,2022-06-23,the_most_important_thing,The Most Important Thing,2003-07-01
conversation_at_panmure_house,Conversation at Panmure House,2022-06-23,the_race_to_the_bottom,The Race to the Bottom,2007-02-14
conversation_at_panmure_house,Conversation at Panmure House,2022-06-23,the_limits_to_negativism,The Limits to Negativism,2008-10-15
conversation_at_panmure_house,Conversation at Panmure House,2022-06-23,risk_revisited,Risk Revisited,2014-09-03
conversation_at_panmure_house,Conversation at Panmure House,2022-06-23,risk_revisited_again,Risk Revisited Again,2015-06-08
conversation_at_panmure_house,Conversation at Panmure House,2022-06-23,on_the_couch,On the Couch,2016-01-14
conversation_at_panmure_house,Conversation at Panmure House,2022-06-23,something_of_value,Something of Value,2021-01-11
conversation_at_panmure_house,Conversation at Panmure House,2022-06-23,bull_market_rhymes,Bull Market Rhymes,2022-05-26
i_beg_to_differ,I Beg to Differ,2022-07-26,the_most_important_thing,The Most Important Thing,2003-07-01
i_beg_to_differ,I Beg to Differ,2022-07-26,a_case_in_point,A Case in Point,2005-06-06
i_beg_to_differ,I Beg to Differ,2022-07-26,dare_to_be_great,Dare to Be Great,2006-09-07
i_beg_to_differ,I Beg to Differ,2022-07-26,dare_to_be_great_ii,Dare to Be Great II,2014-04-08
i_beg_to_differ,I Beg to Differ,2022-07-26,something_of_value,Something of Value,2021-01-11
the_illusion_of_knowledge,The Illusion of Knowledge,2022-09-08,nobody_knows,Nobody Knows,2008-09-19
the_illusion_of_knowledge,The Illusion of Knowledge,2022-09-08,risk_revisited,Risk Revisited,2014-09-03
the_illusion_of_knowledge,The Illusion of Knowledge,2022-09-08,risk_revisited_again,Risk Revisited Again,2015-06-08
the_illusion_of_knowledge,The Illusion of Knowledge,2022-09-08,nobody_knows_ii,Nobody Knows II,2020-03-03
the_illusion_of_knowledge,The Illusion of Knowledge,2022-09-08,thinking_about_macro,Thinking About Macro,2021-07-29
the_illusion_of_knowledge,The Illusion of Knowledge,2022-09-08,i_beg_to_differ,I Beg to Differ,2022-07-26
what_really_matters,What Really Matters?,2022-11-22,selling_out,Selling Out,2022-01-13
what_really_matters,What Really Matters?,2022-11-22,i_beg_to_differ,I Beg to Differ,2022-07-26
what_really_matters,What Really Matters?,2022-11-22,the_illusion_of_knowledge,The Illusion of Knowledge,2022-09-08
sea_change,Sea Change,2022-12-13,on_the_couch,On the Couch,2016-01-14
lessons_from_silicon_valley_bank,Lessons from Silicon Valley Bank,2023-04-17,on_regulation,On Regulation,2011-03-02
taking_the_temperature,Taking the Temperature,2023-07-10,bubble_com,bubble.com,2000-01-02
taking_the_temperature,Taking the Temperature,2023-07-10,risk_and_return_today,Risk and Return Today,2004-10-27
taking_the_temperature,Taking the Temperature,2023-07-10,there_they_go_again,There They Go Again,2005-05-06
taking_the_temperature,Taking the Temperature,2023-07-10,it_s_all_good,It’s All Good,2007-07-16
taking_the_temperature,Taking the Temperature,2023-07-10,nobody_knows,Nobody Knows,2008-09-19
taking_the_temperature,Taking the Temperature,2023-07-10,the_limits_to_negativism,The Limits to Negativism,2008-10-15
taking_the_temperature,Taking the Temperature,2023-07-10,d_j_vu_all_over_again,Déjà Vu All Over Again,2012-03-19
taking_the_temperature,Taking the Temperature,2023-07-10,nobody_knows_ii,Nobody Knows II,2020-03-03
taking_the_temperature,Taking the Temperature,2023-07-10,something_of_value,Something of Value,2021-01-11
fewer_losers_or_more_winners,"Fewer Losers, or More Winners?",2023-09-12,the_route_to_performance,The Route to Performance,1990-10-12
fewer_losers_or_more_winners,"Fewer Losers, or More Winners?",2023-09-12,dare_to_be_great,Dare to Be Great,2006-09-07
fewer_losers_or_more_winners,"Fewer Losers, or More Winners?",2023-09-12,dare_to_be_great_ii,Dare to Be Great II,2014-04-08
further_thoughts_on_sea_change,Further Thoughts on Sea Change,2023-10-11,sea_change,Sea Change,2022-12-13
easy_money,Easy Money,2024-01-09,bubble_com,bubble.com,2000-01-02
easy_money,Easy Money,2024-01-09,there_they_go_again,There They Go Again,2005-05-06
easy_money,Easy Money,2024-01-09,there_they_go_again_again,There They Go Again . . . Again,2017-07-26
easy_money,Easy Money,2024-01-09,sea_change,Sea Change,2022-12-13
easy_money,Easy Money,2024-01-09,further_thoughts_on_sea_change,Further Thoughts on Sea Change,2023-10-11
the_indispensability_of_risk,The Indispensability of Risk,2024-04-17,fewer_losers_or_more_winners,"Fewer Losers, or More Winners?",2023-09-12
the_impact_of_debt,The Impact of Debt,2024-05-08,volatility_leverage_dynamite,Volatility + Leverage = Dynamite,2008-12-17
the_impact_of_debt,The Impact of Debt,2024-05-08,easy_money,Easy Money,2024-01-09
the_impact_of_debt,The Impact of Debt,2024-05-08,the_indispensability_of_risk,The Indispensability of Risk,2024-04-17
the_folly_of_certainty,The Folly of Certainty,2024-07-17,uncertainty_ii,Uncertainty II,2020-05-28
the_folly_of_certainty,The Folly of Certainty,2024-07-17,the_illusion_of_knowledge,The Illusion of Knowledge,2022-09-08
mr_market_miscalculates,Mr. Market Miscalculates,2024-08-22,first_quarter_performance,First Quarter Performance,1991-04-11
mr_market_miscalculates,Mr. Market Miscalculates,2024-08-22,it_s_not_easy,It’s Not Easy,2015-09-09
mr_market_miscalculates,Mr. Market Miscalculates,2024-08-22,on_the_couch,On the Couch,2016-01-14
mr_market_miscalculates,Mr. Market Miscalculates,2024-08-22,what_does_the_market_know,What Does the Market Know?,2016-01-19
shall_we_repeal_the_laws_of_economics,Shall We Repeal the Laws of Economics?,2024-09-19,economic_reality,Economic Reality,2016-05-26
shall_we_repeal_the_laws_of_economics,Shall We Repeal the Laws of Economics?,2024-09-19,political_reality,Political Reality,2016-08-17
shall_we_repeal_the_laws_of_economics,Shall We Repeal the Laws of Economics?,2024-09-19,political_reality_meets_economic_reality,Political Reality Meets Economic Reality,2019-01-30
on_bubble_watch,On Bubble Watch,2025-01-02,bubble_com,bubble.com,2000-01-02
gimme_credit,Gimme Credit,2025-03-06,ruminating_on_asset_allocation,Ruminating on Asset Allocation,2024-10-22
nobody_knows_yet_again,Nobody Knows (Yet Again),2025-04-09,nobody_knows,Nobody Knows,2008-09-19
nobody_knows_yet_again,Nobody Knows (Yet Again),2025-04-09,economic_reality,Economic Reality,2016-05-26
nobody_knows_yet_again,Nobody Knows (Yet Again),2025-04-09,nobody_knows_ii,Nobody Knows II,2020-03-03
nobody_knows_yet_again,Nobody Knows (Yet Again),2025-04-09,the_pendulum_in_international_affairs,The Pendulum in International Affairs,2022-03-23
more_on_repealing_the_laws_of_economics,More on Repealing the Laws of Economics,2025-06-18,nobody_knows,Nobody Knows,2008-09-19
more_on_repealing_the_laws_of_economics,More on Repealing the Laws of Economics,2025-06-18,shall_we_repeal_the_laws_of_economics,Shall We Repeal the Laws of Economics?,2024-09-19
more_on_repealing_the_laws_of_economics,More on Repealing the Laws of Economics,2025-06-18,nobody_knows_yet_again,Nobody Knows (Yet Again),2025-04-09
the_calculus_of_value,The Calculus of Value,2025-08-13,bubble_com,bubble.com,2000-01-02
the_calculus_of_value,The Calculus of Value,2025-08-13,all_that_glitters,All That Glitters,2010-12-17
the_calculus_of_value,The Calculus of Value,2025-08-13,on_bubble_watch,On Bubble Watch,2025-01-02
the_calculus_of_value,The Calculus of Value,2025-08-13,gimme_credit,Gimme Credit,2025-03-06
cockroaches_in_the_coal_mine,Cockroaches in the Coal Mine,2025-11-06,a_case_in_point,A Case in Point,2005-06-06
cockroaches_in_the_coal_mine,Cockroaches in the Coal Mine,2025-11-06,the_race_to_the_bottom,The Race to the Bottom,2007-02-14
cockroaches_in_the_coal_mine,Cockroaches in the Coal Mine,2025-11-06,the_long_view,The Long View,2009-01-09
cockroaches_in_the_coal_mine,Cockroaches in the Coal Mine,2025-11-06,what_does_the_market_know,What Does the Market Know?,2016-01-19
cockroaches_in_the_coal_mine,Cockroaches in the Coal Mine,2025-11-06,gimme_credit,Gimme Credit,2025-03-06
is_it_a_bubble,Is It a Bubble?,2025-12-09,irrational_exuberance,Irrational Exuberance,2000-05-01
is_it_a_bubble,Is It a Bubble?,2025-12-09,on_bubble_watch,On Bubble Watch,2025-01-02
ai_hurtles_ahead,AI Hurtles Ahead,2026-02-26,something_of_value,Something of Value,2021-01-11
ai_hurtles_ahead,AI Hurtles Ahead,2026-02-26,is_it_a_bubble,Is It a Bubble?,2025-12-09
go_figure,Go Figure!,2026-03-24,on_the_couch,On the Couch,2016-01-14
go_figure,Go Figure!,2026-03-24,implications_of_the_election,Implications of the Election,2016-11-07
